name,slug,color1,color2,landing,app,docs,codebase,blog,twitter,discord,telegram,description
Omniscia,omniscia,#9A79EB,,https://omniscia.io,,,,https://medium.com/@omniscia.io,https://twitter.com/omniscia_sec,,https://t.me/omniscia_sec,Omniscia is a Blockchain security company that helps businesses assess and mitigate blockchain risks.
Hexens,hexens,#00F3A7,,https://hexens.io,,,,https://hexens.io/blog,https://twitter.com/hexensio,,,Hexens is a DeFi DAO that develops DeFi apps to make DeFi more accessible and user-friendly.
Quantstamp,quantstamp,#000000,,https://quantstamp.com,,,https://github.com/quantstamp,https://medium.com/quantstamp,https://twitter.com/Quantstamp,,,
Jane Street,jane-street,#000000,,https://www.janestreet.com,,,,https://blog.janestreet.com,https://twitter.com/janestreetgroup,,,Jane Street is a Quantitative trading firm that specializes in algorithmic trading.
Apollo Crypto,apollo-crypto,#23a8e0,,https://apollocrypto.com,,,,https://apollocrypto.com/insights,https://twitter.com/ApolloCryptoAu,,,Apollo Crypto is a VC firm that invests in early-stage blockchain companies.
0xVentures,0xventures,#fbb583,,https://0xventures.org,,,,https://medium.com/@0xventures,https://twitter.com/0xVenturesCap,,,0xVentures is a VC firm that invests in early-stage DeFi companies.
Upside DAO,upside-dao,#ff8a00,,https://www.upsidedao.com.au,,,,,https://twitter.com/0xUpside,,,Upside DAO is a DeFi DAO that provides financial services to the unbanked and underbanked.
MetaMask,metamask,#e4751f,,https://metamask.io,,https://docs.metamask.io/wallet,https://github.com/MetaMask,https://medium.com/metamask,https://twitter.com/MetaMask,https://discord.gg/consensys,,MetaMask is the most popular non-custodial wallet that can be used as a browser extension or a mobile app. It supports a wide variety of tokens and allows users to interact with decentralized applications (dApps).
CoinbaseWallet,coinbasewallet,#2b6fff,,https://www.coinbase.com/wallet,,https://docs.cloud.coinbase.com/wallet-sdk/docs/welcome,https://github.com/CoinbaseWallet,https://www.coinbase.com/blog,https://twitter.com/CoinbaseWallet,,,"CoinbaseWallet is a popular  non-custodial wallet that is offered by the cryptocurrency exchange Coinbase. It supports a variety of cryptocurrencies and allows users to send and receive funds, as well as buy and sell cryptocurrencies. It is a drop-in alternative for popular MetaMask."
WalletConnect,walletconnect,#3e79f6,,https://walletconnect.com,,https://docs.walletconnect.com/2.0,https://github.com/WalletConnect,https://walletconnect.mirror.xyz,https://twitter.com/walletconnect,https://discord.gg/kdTQHQ6AFQ,,"WalletConnect is a protocol that allows users to connect their crypto wallets to dApps. It is supported by many popular wallets, including MetaMask, CoinbaseWallet, and Trust."
Rainbow,rainbow,#f6bb39,,https://rainbow.me,,https://learn.rainbow.me,https://www.rainbowkit.com/docs,,https://twitter.com/rainbowdotme,,,Rainbow is a popular mobile-first non-custodial wallet that supports a variety of cryptocurrencies. It is known for its user-friendly interface and its security features.
Trust,trust,#4274b7,,https://trustwallet.com,,https://trustwallet.com/developer,https://github.com/trustwallet,https://blog.trustwallet.com,https://twitter.com/trustwalletapp,,,Trust is a popular mobile-first non-custodial wallet that supports a variety of cryptocurrencies. It is known for its security features and its ability to connect to decentralized exchanges (DEXs).
Frame,frame,#37ccbd,,https://frame.sh,,https://docs.frame.sh,https://github.com/floating,https://blog.frame.sh,https://twitter.com/0xFrame,,,Frame is a non-custodial wallet that is designed for security and privacy. It is based on the Cosmos SDK and supports a variety of tokens. It is a drop-in MetaMask alternative.
Rabby,rabby,#6277f1,,https://rabby.io,,,https://github.com/RabbyHub,,https://twitter.com/Rabby_io,,,Rabby is a non-custodial wallet designed to improve end-user experience. It supports a variety of cryptocurrencies and has a simple user interface. It is a drop-in MetaMask alternative.
Argent,argent,#ff875b,,https://www.argent.xyz,,https://docs.argent.xyz,https://github.com/argentlabs,https://www.argent.xyz/blog,https://twitter.com/argentHQ,,,"Argent is a mobile-first non-custodial wallet. It supports a variety of cryptocurrencies and has a number of security features, including 2-factor authentication and a recovery phrase."
Ledger,ledger,#000000,,https://www.ledger.com,,https://developers.ledger.com,https://www.ledger.com/academy,https://www.ledger.com/blogs,https://twitter.com/Ledger,,,Ledger is the most popular a hardware wallet that is known for its security. It supports a variety of cryptocurrencies and can be used as cold-wallet to store private keys offline.
Trezor,trezor,#000000,,https://trezor.io,,https://docs.trezor.io/trezor-suite,https://github.com/trezor,https://blog.trezor.io,https://twitter.com/Trezor,,,Trezor is a hardware wallet that is known for its security. It supports a variety of cryptocurrencies and can be used as cold-wallet to store private keys offline.
Keystone,keystone,#3d71ff,,https://keyst.one,,https://support.keyst.one,https://github.com/KeystoneHQ,https://blog.keyst.one,https://twitter.com/KeystoneWallet,,,Keystone is a hardware wallet that is known for its security. It supports a variety of cryptocurrencies and can be used as cold-wallet to store private keys offline.
Zerion,zerion,#2461ed,,https://zerion.io,https://app.zerion.io,https://zerion.io/blog,https://github.com/zeriontech,https://zerion.io/blog,https://twitter.com/zerion_io?,,,"Zerion is a non-custodial wallet that is designed for simplicity and ease of use. It supports a variety of cryptocurrencies and allows users to buy, sell, and trade cryptocurrencies."
DeBank,debank,#fe815f,,https://debank.com,https://debank.com,https://medium.com/debank,https://github.com/DeBankDeFi,https://medium.com/debank,https://twitter.com/DebankDeFi,https://discord.com/invite/KYuj8DE,,
Safe,safe,#13ff7f,,https://safe.global,https://app.safe.global,https://docs.safe.global,https://github.com/safe-global,https://www.gnosis.io/blog,https://twitter.com/safe,,,Safe is a non-custodial wallet that is designed for security and privacy. It is based on the Ethereum blockchain and supports a variety of tokens.
Fireblocks,fireblocks,#172748,,https://fireblocks.io,https://console.fireblocks.io,https://docs.fireblocks.com,https://github.com/fireblocks,https://www.fireblocks.com/blog,https://twitter.com/FireblocksHQ,,,"Fireblocks is the most popular custodian and security platform that is designed for institutional investors. It allows institutions to store, manage, and trade cryptocurrencies."
Copper,copper,#e89077,,https://copper.co,,https://docs.copper.co,https://github.com/copperexchange,https://copper.co/insights,https://twitter.com/CopperHQ,,,"Copper is a custodian and security platform that is designed for institutional investors. It allows institutions to store, manage, and trade cryptocurrencies."
BitGo,bitgo,#5caafd,,https://bitgo.com,,https://developers.bitgo.com,https://github.com/BitGo,https://blog.bitgo.com,https://twitter.com/BitGo,,,"BitGo is a custodian and security platform that is designed for institutional investors. It allows institutions to store, manage, and trade cryptocurrencies."
Ethereum,ethereum,#adadad,,https://ethereum.org/en,,https://ethereum.org/en/developers/docs,https://github.com/ethereum,https://blog.ethereum.org,https://twitter.com/ethereum,https://discord.com/invite/VgBTj6Sh5p,,"Ethereum is the most popular blockchain network, Ethereum is home to a wide variety of decentralized applications (dApps), including decentralized finance (DeFi) protocols, non-fungible tokens (NFTs), and gaming platforms."
Arbitrum,arbitrum,#2d374b,,https://arbitrum.io,,https://developer.offchainlabs.com/docs,https://github.com/OffchainLabs/arbitrum,https://medium.com/offchainlabs,https://twitter.com/arbitrum,https://discord.com/invite/arbitrum,,"Arbitrum One is a Layer 2 scaling solution for Ethereum, Arbitrum One uses optimistic rollups to enable faster and cheaper transactions on the Ethereum network."
Optimism,optimism,#fc0423,,https://www.optimism.io,,https://community.optimism.io,https://github.com/ethereum-optimism,https://www.optimism.io/blog,https://twitter.com/OptimismFND,https://discord.com/invite/e4Xa2vrP,,"Optimism is another Layer 2 scaling solution for Ethereum, Optimism uses optimistic rollups to enable faster and cheaper transactions on the Ethereum network."
Polygon,polygon,#734fd9,,https://polygon.technology,,https://docs.polygon.technology,https://github.com/maticnetwork,https://blog.polygon.technology,https://twitter.com/0xPolygon,https://discord.com/invite/XvpHAxZ,,"Polygon is a Layer 2 scaling solution for Ethereum, Polygon uses a variety of scaling techniques, including sidechains, sharding, and plasma to enable faster and cheaper transactions on the Ethereum network."
Avalanche,avalanche,#dd3e3e,,https://www.avax.network,,https://docs.avax.network,https://github.com/ava-labs,https://medium.com/avalancheavax,https://twitter.com/avalancheavax,https://discord.com/invite/RwXY7P6,,"Avalanche is a Layer 1 blockchain network that is compatible with the Ethereum Virtual Machine (EVM), Avalanche is a popular choice for DeFi and NFT projects."
Fantom,fantom,#13b5ec,,https://fantom.foundation,,https://docs.fantom.foundation,https://github.com/Fantom-Foundation,https://fantom.foundation/blog,https://twitter.com/fantomfdn,https://discord.com/invite/zS4Ek4WByA,,"Fantom Opera is a Layer 1 blockchain network that is known for its fast and cheap transactions, Fantom Opera is a popular choice for DeFi and gaming projects."
BNB Chain,bnb-chain,#fac315,,https://www.bnbchain.org,,https://docs.bnbchain.org,https://github.com/bnb-chain,https://binance.org/en/blog,https://twitter.com/BNBCHAIN,https://discord.com/invite/bnbchain,,"BNB Chain is the native blockchain network of the Binance cryptocurrency exchange, BNB Chain is a popular choice for DeFi and NFT projects."
Moonbeam,moonbeam,#5fc0c1,,https://moonbeam.network,,https://docs.moonbeam.network,https://github.com/PureStake/moonbeam,https://medium.com/moonbeam-network,https://twitter.com/moonbeamnetwork,https://discord.gg/moonbeam,,"Moonbeam is a Layer 1 blockchain network that is compatible with the Ethereum Virtual Machine (EVM), Moonbeam is a popular choice for DeFi and NFT projects."
Moonriver,moonriver,#f2b705,,https://moonbeam.network,,https://docs.moonbeam.network,https://github.com/PureStake/moonbeam,https://medium.com/moonbeam-network,https://twitter.com/MoonriverNW,https://discord.gg/moonbeam,,"Moonriver is a parachain on the Kusama blockchain network, Moonriver is a popular choice for DeFi and NFT projects."
Moonbase Alpha,moonbase-alpha,#f45b5b,,https://moonbeam.network,,https://docs.moonbeam.network,https://github.com/PureStake/moonbeam,https://medium.com/moonbeam-network,https://twitter.com/MoonriverNW,https://discord.gg/moonbeam,,"Moonbase Alpha is a parachain on the Kusama blockchain network, Moonbase Alpha is a popular choice for DeFi and NFT projects."
Gnosis Chain,gnosis-chain,#04795c,,https://gnosischain.com,,https://docs.gnosischain.com,https://github.com/gnosischain,https://www.gnosis.io/blog,https://twitter.com/gnosischain,https://discord.gg/gnosischain,,"Gnosis is a Layer 2 scaling solution for Ethereum, Gnosis uses zk-rollups to enable faster and cheaper transactions on the Ethereum network."
Kava,kava,#ff564f,,https://www.kava.io,,https://www.kava.io/developers#resources,https://github.com/kava-labs,https://medium.com/kava-labs,https://twitter.com/KAVA_CHAIN,https://discord.com/invite/q6QuanE4bx,,"Kava is a Layer 1 blockchain network that is compatible with the Ethereum Virtual Machine (EVM), Kava is a popular choice for DeFi and NFT projects."
Canto,canto,#06fc99,,https://canto.io,,https://docs.canto.io,https://github.com/Canto-Network,https://canto.mirror.xyz,https://twitter.com/cantopublic,https://discord.com/invite/canto,,"Canto is a Layer 1 blockchain network that is designed for privacy, Canto is a popular choice for DeFi and NFT projects."
ZkSync Era,zksync-era,#8b8dfc,,https://zksync.io,,https://era.zksync.io/docs,https://github.com/matter-labs,https://blog.matter-labs.io,https://twitter.com/zksync,https://discord.com/invite/5bXkp58,,"ZkSync Era is a Layer 2 scaling solution for Ethereum, ZkSync Era uses zk-rollups to enable faster and cheaper transactions on the Ethereum network."
Scroll,scroll,#d8c5a8,,https://scroll.io,,https://guide.scroll.io,https://github.com/scroll-tech,https://scroll.io/blog,https://twitter.com/Scroll_ZKP,https://discord.gg/scroll,,"Scroll is a Layer 2 scaling solution for Ethereum, Scroll uses zk-rollups to enable faster and cheaper transactions on the Ethereum network."
Base,base,#1552f0,,https://base.org,,https://docs.base.org,https://github.com/base-org,https://base.mirror.xyz,https://twitter.com/buildonbase,https://base.org/discord,,"Base is a Layer 1 blockchain network that is designed for scalability, Base is a popular choice for DeFi and NFT projects."
Polygon ZkEvm,zkevm,#734fd9,,https://polygon.technology/polygon-zkevm,,https://zkevm.polygon.technology/docs/develop,https://github.com/0xpolygonhermez,https://polygon.technology/blog,https://twitter.com/0xPolygon,https://discord.com/invite/0xPolygon,,"Polygon ZkEvm is a Layer 2 scaling solution for Ethereum, Polygon ZkEvm uses zk-rollups to enable faster and cheaper transactions on the Ethereum network."
Metis,metis,#2ADACC,,https://www.metis.io,,https://docs.metis.io/dev,https://github.com/MetisProtocol,https://metisdao.medium.com,https://twitter.com/MetisDAO,https://discord.com/invite/RqfEJZXnxd,https://t.me/MetisDAO,
Mantle,mantle,#000000,,https://www.mantle.xyz,,https://docs.mantle.xyz,https://github.com/mantlenetworkio,https://www.mantle.xyz/blog,https://twitter.com/0xMantle,https://discord.com/invite/0xMantle,https://t.me/mantlenetwork,
Linea,linea,#000000,,https://linea.build,,https://docs.linea.build,https://github.com/Consensys/linea-besu,https://linea.mirror.xyz,https://twitter.com/LineaBuild,https://discord.com/invite/consensys,,
Celo,celo,#fbcc5c,,https://celo.org,,https://docs.celo.org,https://github.com/celo-org,https://blog.celo.org,https://twitter.com/CeloOrg,https://discord.com/invite/celo,,
Aurora,aurora,#6dd249,,https://aurora.dev,,https://doc.aurora.dev,https://github.com/aurora-is-near,https://medium.com/aurora-platform,https://twitter.com/auroraisnear,https://discord.com/invite/dEFJBz8HQV,https://t.me/auroraisnear,
Neon EVM,neon-evm,#f41afa,,https://neonevm.org,,https://docs.neonfoundation.io/docs,https://github.com/neonevm/neon-evm,https://medium.com/@neon_evm,https://twitter.com/Neon_EVM,https://discord.com/invite/neonevm,,
Rootstock,rootstock,#375bd2,,https://rootstock.io,,https://dev.rootstock.io,https://github.com/rsksmart,https://blog.rootstock.io,https://twitter.com/rootstock_io,https://discord.com/invite/fPerbqcWGE,https://t.me/rskofficialcommunity,
Manta,manta,#00ffe11a,,https://manta.network/,,https://docs.manta.network/docs,https://github.com/manta-network,https://mantanetwork.medium.com,https://twitter.com/mantanetwork,https://discord.com/invite/mantanetwork,https://www.t.me/mantanetworkofficial,
Syscoin,syscoin,#2D5DF8,,https://syscoin.org,,https://docs.syscoin.org,https://github.com,https://syscoin.org/news,https://twitter.com/syscoin,https://discord.com/invite/syscoin,https://t.me/Syscoin_Official,
Rollux,rollux,#DBEF88,,https://rollux.com,,https://sys-labs.github.io/community-hub,https://github.com,,https://twitter.com/RolluxL2,https://discord.com/invite/rollux,https://t.me/RolluxL2,
Chainlink,chainlink,#375BD2,,https://chain.link,,https://docs.chain.link,https://github.com/smartcontractkit,https://blog.chain.link,https://twitter.com/chainlink,https://discord.com/invite/chainlink,https://t.me/chainlinkofficial,
Binance,binance,#f3ba2f,,https://www.binance.com/en,,https://binance-docs.github.io,https://github.com/binance,https://medium.com/@binance,https://twitter.com/binance,https://discord.com/invite/binanceofficial,,
Pyth Network,pyth-network,#e6dbfe,,https://pyth.network,,https://docs.pyth.network/documentation,https://github.com/pyth-network,https://pyth.network/blog,https://twitter.com/PythNetwork,https://discord.com/invite/PythNetwork,https://t.me/Pyth_Network,
De.Fi,de-fi,#1452f0,,https://de.fi,,https://docs.de.fi,https://github.com/de-dot-fi,https://de.fi/blog,https://twitter.com/DeDotFi,,https://t.me/DeDotFi,
DEX Screener,dex-screener,#000000,,https://dexscreener.com,https://dexscreener.com,https://docs.dexscreener.com,https://github.com/dexscreener,,https://twitter.com/dexscreener,https://discord.com/invite/ARbh55A472,https://telegram.me/dexscreenerchat,
DEXTools,dextools,#05a3c9,,https://www.dextools.io,https://www.dextools.io/app,,https://github.com/dextools-io,https://dextools.medium.com,https://twitter.com/DEXToolsApp,https://discord.com/invite/wVanCNraEh,https://t.me/DEXToolsCommunity,
DeFi Safety,defi-safety,#000000,,https://www.defisafety.com,https://www.defisafety.com/app,https://www.defisafety.com/hub,https://github.com/DeFiSafety,https://medium.com/defi-safety,https://twitter.com/DefiSafety,https://discord.com/invite/pzUw5V2E65,https://t.me/joinchat/qU8a07WUG1Q3YTBh,"DeFi Safety is a platform that provides security ratings and reports for blockchains and DeFi protocols. It uses a variety of factors to assess the security of a protocol, such as the code quality, the team's experience, and the protocol's history of hacks."
Exponential DeFi,exponential-defi,#9548e3,,https://exponential.fi,https://exponential.fi/protocols,,,https://exponential.fi/blog,https://twitter.com/ExponentialDeFi,https://discord.com/invite/exponential,,"Exponential DeFi is a platform that provides security ratings and reports for blockchains, tokens, and DeFi protocols. It provides a variety of insightful information, such as code security scoring, operational and market risk analysis and rating."
Solity Network,solity-network,#8f7c5b,,https://www.solity.network,,,,https://www.solity.network/insights,https://twitter.com/SolityNetwork,,https://t.me/solitynetwork,"Solity Network is a platform that provides security analysis for DeFi protocols. It uses a variety of tools, such as static analysis and dynamic analysis, to assess the security of protocols."
CoinGecko,coingecko,#87c23a,,https://www.coingecko.com,,https://www.coingecko.com/en/api/documentation,https://github.com/coingecko,https://blog.coingecko.com,https://twitter.com/DefiLlama,,,"CoinGecko is a platform that provides data and insights on cryptocurrencies and exchanges. It tracks over 13,000 cryptocurrencies and provides a variety of metrics, such as price data and news feeds."
CoinMarketCap,coinmarketcap,#3b65fb,,https://coinmarketcap.com,,https://coinmarketcap.com/api/documentation/v1,https://github.com/topics/coinmarketcap,https://coinmarketcap.com/alexandria/categories/blog,https://twitter.com/CoinMarketCap,,,"CoinMarketCap is a platform that provides data and insights on cryptocurrencies and exchanges. It tracks over 18,000 cryptocurrencies and provides a variety of metrics, such as price data and news feeds."
DefiLlama,defillama,#0062ee,,https://defillama.com,,https://defillama.com/docs/api,https://github.com/DefiLlama,https://medium.com/@Defillama,https://twitter.com/DefiLlama,,,"DefiLlama is a platform that provides data and insights on blockchains and DeFi protocols. It tracks over 3,000 protocols and provides a variety of metrics, such as protocol TVL, yields and revenues tracking."
Messari,messari,#458ac9,,https://messari.io,,https://docs.messari.io/messari,https://github.com/messari,https://engineering.messari.io/blog,https://twitter.com/MessariCrypto,,,"Messari is a platform that provides research and analysis on cryptocurrencies and protocols. It provides users with a variety of reports, such as market overviews, token deep dives, and industry analysis."
Nansen,nansen,#00e3b4,,https://www.nansen.ai,,https://www.nansen.ai/resources,https://github.com/nansen-ai,https://www.nansen.ai/blog,https://twitter.com/nansen_ai,https://discord.com/invite/X5u3a7Wef6,,"Nansen is a platform that provides on-chain data and analytics for cryptocurrencies and protocols. It allows users to track the flow of funds, identify whales, and monitor DeFi activity."
Token Sniffer,token-sniffer,#000000,,https://tokensniffer.com,,https://tokensniffer.readme.io,,,https://twitter.com/Token_Sniffer,,,"Token Sniffer is a platform that provides security analysis for DeFi tokens. It uses a variety of tools, such as static analysis and dynamic analysis, to assess the security of tokens."
Instadapp,instadapp,#3f75ff,,https://instadapp.io,https://defi.instadapp.io,https://guides.instadapp.io,https://github.com/Instadapp,https://blog.instadapp.io,https://twitter.com/instadapp,https://discord.com/invite/C76CeZc,,
DeFi Saver,defi-saver,#37b06f,,https://defisaver.com,https://app.defisaver.com,https://docs.defisaver.com,https://github.com/defisaver/defisaver-v3-contracts,https://blog.defisaver.com,https://twitter.com/defisaver,https://discord.com/invite/XGDJHhZ,,
Uniswap,uniswap,#f7499d,,https://uniswap.org,https://app.uniswap.org,https://docs.uniswap.org,https://github.com/Uniswap,https://uniswap.org/blog,https://twitter.com/Uniswap,https://discord.com/invite/FCfyBSbCU5,,
Compound,compound,#00d395,,https://compound.finance,https://app.compound.finance,https://compound.finance/docs,https://github.com/compound-finance,https://medium.com/compound-finance,https://twitter.com/compoundfinance,https://discord.com/invite/fq6JSPkpJn,,
Balancer,balancer,#1c1c1c,,https://balancer.fi,https://app.balancer.fi,https://docs.balancer.fi,https://github.com/balancer-labs,https://medium.com/balancer-protocol,https://twitter.com/BalancerLabs,https://discord.com/invite/ARJWaeF,,
Venus Protocol,venus,#20bdff,,https://venus.io,https://app.venus.io,https://docs.venus.io,https://github.com/VenusProtocol,https://blog.venus.io,https://twitter.com/VenusProtocol,https://discord.com/invite/pTQ9EBHYtF,,
Velodrome Finance,velodrome-finance,#ee1000,,https://velodrome.finance,https://app.velodrome.finance,https://docs.velodrome.finance,https://github.com/velodrome-finance,https://medium.com/@VelodromeFi,https://twitter.com/VelodromeFi,https://discord.com/invite/velodrome,,
Synthetix,synthetix,#00d1ff,,https://synthetix.io,https://staking.synthetix.io,https://docs.synthetix.io,https://github.com/Synthetixio,https://blog.synthetix.io,https://twitter.com/synthetix_io,https://discord.com/invite/synthetix,,
Frax Finance,frax-finance,#1c1c1c,,https://frax.finance,https://app.frax.finance,https://docs.frax.finance,https://github.com/FraxFinance,https://fraxfinancecommunity.medium.com,https://twitter.com/fraxfinance,https://discord.com/invite/UJVtDTFRaA,,
Angle Protocol,angle-protocol,#fdceaa,,https://angle.money,https://app.angle.money,https://docs.angle.money,https://github.com/AngleProtocol,https://blog.angle.money,https://twitter.com/AngleProtocol,https://discord.gg/5Af6xum9bc,,
Badger DAO,badger-dao,#eda51b,,https://badger.com,https://app.badger.com,https://docs.badger.com,https://github.com/Badger-Finance,https://badgerdao.medium.com,https://twitter.com/badgerdao,https://discord.com/invite/xSPFHHS,,
Aura Finance,aura-finance,#be42e8,,https://aura.finance,https://app.aura.finance,https://docs.aura.finance,https://github.com/aurafinance,https://forum.aura.finance,https://twitter.com/aurafinance,https://discord.com/invite/aurafinance,,
Stake DAO,stake-dao,#adadad,,https://stakedao.org,https://app.stakedao.org,https://stakedao.gitbook.io/stakedaohq,https://github.com/StakeDAO,https://stakedaohq.medium.com,https://twitter.com/StakeDAOHQ,https://discord.com/invite/stakedaohq,,
Beefy Finance,beefy-finance,#adadad,,https://beefy.finance,https://app.beefy.com,https://docs.beefy.com,https://github.com/beefyfinance,https://beefy.com/articles,https://twitter.com/beefyfinance,https://discord.gg/yq8wfHd,,
Yearn Finance,yearn-finance,#3879f0,,https://yearn.finance,https://yearn.finance/vaults,https://docs.yearn.finance,https://github.com/yearn,https://blog.yearn.finance,https://twitter.com/iearnfinance,https://discord.com/invite/b8ENPNqG5c,,
Autofarm,autofarm,#606fde,,https://autofarm.network,https://autofarm.network,https://autofarm.gitbook.io,https://github.com/autofarmnetwork,https://autofarm-network.medium.com,https://twitter.com/autofarmnetwork,https://discord.com/invite/bJ9ZsypQzv,,
Circle,circle,#7dedb7,,https://circle.com,https://circle.com,https://developers.circle.com/stablecoin/docs,https://github.com/circlefin,https://www.circle.com/blog,https://twitter.com/circle,https://discord.com/invite/buildoncircle,,
Circle CCTP,cctp,#7dedb7,,https://circle.com,https://circle.com,https://developers.circle.com/stablecoin/docs,https://github.com/circlefin,https://www.circle.com/blog,https://twitter.com/circle,https://discord.com/invite/buildoncircle,,
AAVE,aave,#5fdce3,,https://aave.com,https://app.aave.com,https://docs.aave.com,https://github.com/aave,https://medium.com/aave,https://twitter.com/AaveAave,https://discord.gg/7kHKnkDEUf,,
Stargate Finance,stargate-finance,#999999,,https://stargate.finance,https://stargate.finance/pool,https://stargateprotocol.gitbook.io/stargate,https://github.com/stargate-protocol,https://medium.com/stargate-official,https://twitter.com/StargateFinance,https://discord.com/invite/QgQqAXF,,
Sushi,sushi,#fa52ae,,https://sushi.com,https://app.sushi.com/en/swap,https://docs.sushi.com,https://github.com/sushiswap,https://sushichef.medium.com,https://twitter.com/SushiSwap,https://discord.com/invite/CGm35kdkAF,,
PancakeSwap,pancakeswap,#9a6aff,,https://pancakeswap.finance,https://pancakeswap.finance,https://docs.pancakeswap.finance,https://github.com/pancakeswap,https://blog.pancakeswap.finance,https://twitter.com/pancakeswap,https://discord.gg/pancakeswap,,
Alpaca Finance,alpaca-finance,#31c77f,,https://www.alpacafinance.org,https://app.alpacafinance.org,https://docs.alpacafinance.org,https://github.com/alpaca-finance,https://medium.com/alpaca-finance,https://twitter.com/AlpacaFinance,https://discord.com/invite/2UvgmqcVDQ,,
Curve,curve,#ffe600,,https://curve.fi,https://curve.fi,https://resources.curve.fi,https://github.com/curvefi,https://blog.curve.fi,https://twitter.com/CurveFinance,https://discord.com/invite/rgrfS7W,,
Convex Finance,convex-finance,#adadad,,https://www.convexfinance.com,https://www.convexfinance.com/stake,https://docs.convexfinance.com,https://github.com/convex-eth,https://convexfinance.medium.com,https://twitter.com/convexfinance,https://discord.com/invite/TTEVTqY488,,
Benqi,benqi,#00b2ec,,https://benqi.fi,https://staking.benqi.fi/stake,https://benqifinance.medium.com,https://github.com/Benqi-fi,https://benqifinance.medium.com,https://twitter.com/BenqiFinance,https://discord.com/invite/jyPAjZjwk6,,
Abracadabra Money,abracadabra-money,#5552FD,,https://abracadabra.money,https://abracadabra.money/borrow,https://docs.abracadabra.money,https://github.com/Abracadabra-money,https://abracadabramoney.medium.com,https://twitter.com/mim_spell,https://discord.com/invite/mim,,
Trader Joe,trader-joe,#db5b54,,https://traderjoexyz.com,https://traderjoexyz.com/trade,https://docs.traderjoexyz.com,https://github.com/traderjoe-xyz,https://traderjoe-xyz.medium.com,https://twitter.com/traderjoe_xyz,https://discord.com/invite/VgBTj6Sh5p,,
Vector Finance,vector-finance,#6a6bec,,https://vectorfinance.io,https://vectorfinance.io/stake,https://docs.vectorfinance.io,https://github.com/vector-finance,https://vectorfinance.medium.com,https://twitter.com/vector_fi,https://discord.com/invite/9YaZTspW,,
Beethoven X,beethoven-x,#00f89c,,https://beets.fi,https://beets.fi/pools,https://docs.beets.fi,https://github.com/beethovenxfi,https://beethovenxio.medium.com,https://mobile.twitter.com/beethoven_x,https://discord.com/invite/jedS4zGk28,,
GMX,gmx,#296BE4,,https://gmx.io,https://app.gmx.io,https://docs.gmx.io,https://github.com/gmx-io,https://medium.com/@gmx.io,https://twitter.com/GMX_IO,https://discord.com/invite/ymN38YefH9,,
Gains Network,gains-network,#45e582,,https://gains.trade,https://gains.trade/trading,https://gains-network.gitbook.io,https://github.com/GainsNetwork,https://gainsnetwork-io.medium.com,https://twitter.com/GainsNetwork_io,https://discord.com/invite/gains-network,,
gTrade,gtrade,#45e582,,https://gains.trade,https://gains.trade/trading,https://gains-network.gitbook.io,https://github.com/GainsNetwork,https://gainsnetwork-io.medium.com,https://twitter.com/GainsNetwork_io,https://discord.com/invite/gains-network,,
Vela Exchange,vela-exchange,#2cd4ff,,https://vela.exchange,https://app.vela.exchange,https://vela-exchange.gitbook.io,https://github.com/VelaExchange,https://medium.com/@vela_exchange,https://twitter.com/vela_exchange,https://discord.com/invite/velaexchange,,
Vertex Protocol,vertex-protocol,#cdadef,,https://vertexprotocol.com,https://app.vertexprotocol.com,https://vertex-protocol.gitbook.io/docs,https://github.com/vertex-protocol,https://blog.vertexprotocol.com,https://twitter.com/vertex_protocol,https://discord.com/invite/vertexprotocol,,
Camelot DEX,camelot-dex,#ffaf1d,,https://camelot.exchange,https://app.camelot.exchange,https://docs.camelot.exchange,https://github.com/beefyfinance,https://camelotdex.medium.com,https://twitter.com/camelotdex,https://discord.com/invite/r9V7rry3nz,,
Mai Finance,mai-finance,#f58188,,https://mai.finance,https://app.mai.finance,https://docs.mai.finance,https://github.com/qi-dao-mai-finance,https://0xlaozi.medium.com,https://twitter.com/QiDaoProtocol,https://discord.gg/mQq55j65xJ,,
Pendle Finance,pendle-finance,#294670,,https://pendle.finance,https://app.pendle.finance,https://docs.pendle.finance,https://github.com/pendle-finance,https://medium.com/pendle,https://twitter.com/pendle_fi,https://pendle.finance/discord,,
Arrakis Finance,arrakis-finance,#ff7f34,,https://arrakis.finance,https://beta.arrakis.finance,https://docs.arrakis.fi,https://github.com/ArrakisFinance,https://mirror.xyz/0x916563f8476b988855af0b8b8A3D56072E1917FA,https://twitter.com/ArrakisFinance,https://discord.gg/arrakisfinance,,
Sturdy Finance,sturdy-finance,#829af2,,https://sturdy.finance,https://app.sturdy.finance,https://docs.sturdy.finance,https://github.com/sturdyfi,https://medium.com/@sturdyfinance,https://twitter.com/SturdyFinance,https://discord.gg/tRVHp6Vx5N,,
Moonwell,moonwell,#2473da,,https://moonwell.fi,https://moonwell.fi/artemis,https://docs.moonwell.fi,https://github.com/moonwell-fi/contracts-open-source,https://moonwell.medium.com,https://twitter.com/MoonwellDeFi,https://discord.com/invite/moonwellfi,,
StellaSwap,stellaswap,#E2107B,,https://stellaswap.com,https://app.stellaswap.com,https://stella-swap.gitbook.io/stellaswap,https://github.com/stellaswap,https://stellaswap.medium.com,https://twitter.com/StellaSwap,https://discord.stellaswap.com,,
MakerDAO,makerdao,#1aab9b,,https://makerdao.com/en,,https://docs.makerdao.com,https://github.com/makerdao,https://blog.makerdao.com,https://twitter.com/MakerDAO,https://discord.com/invite/RBRumCpEDH,,
Inverse Finance,inverse-finance,#5488e2,,https://www.inverse.finance,https://www.inverse.finance/firm,https://docs.inverse.finance,https://github.com/InverseFinance,https://www.inverse.finance/blog,https://twitter.com/InverseFinance,https://discord.com/invite/YpYJC7R5nv,,
Fei Protocol,fei-protocol,#4ac69c,,https://fei.money,https://app.fei.money,https://docs.tribedao.xyz,https://github.com/fei-protocol,https://medium.com/fei-protocol,https://twitter.com/feiprotocol,https://discord.com/invite/2prhYdQ5jP,,
Liquity,liquity,#2eb6ea,,https://www.liquity.org,,https://docs.liquity.org/documentation/resources,https://github.com/liquity,https://www.liquity.org/blog,https://twitter.com/LiquityProtocol,https://github.com/liquity/dev,,
Overnight Finance,overnight-finance,#3eb2ff,,https://overnight.fi,https://app.overnight.fi,https://app.overnight.fi,https://github.com/ovnstable,https://blog.overnight.fi,https://twitter.com/overnight_fi,https://discord.com/invite/overnight-fi,,
Tron DAO,tron-dao,#ff060a,,https://trondao.org,,https://developers.tron.network,https://github.com/tronprotocol,https://trondao.org/blog,https://twitter.com/trondao,https://discord.com/invite/pn6WWmXtQVV,,
Perpetual Protocol,perpetual-protocol,#3ceaab,,https://perp.com,https://app.perp.com,https://docs.perp.com,https://github.com/perpetual-protocol,https://blog.perp.fi,https://twitter.com/perpprotocol,https://discord.com/invite/mYKKRTn,https://t.me/perpetualprotocol,
dYdX,dydx,#6966FF,,https://dydx.exchange,https://dydx.exchange,https://dydxprotocol.github.io/v3-teacher/#terms-of-service-and-privacy-policy,https://github.com/dydxprotocol,https://dydx.foundation/blog,https://twitter.com/dYdX,https://discord.com/invite/Tuze6tY,,
Level Finance,level-finance,#ffb313,,https://level.finance,https://app.level.finance,https://docs.level.finance,https://github.com/level-fi,https://level-finance.medium.com,https://twitter.com/level__finance,https://discord.com/invite/levelfinance,https://t.me/LevelFinance,
MUX Protocol,mux-protocol,#04cbe0,,https://mux.network,https://app.mux.network,https://docs.mux.network/protocol/overview,https://github.com/mux-world/mux-protocol,https://mirror.xyz/0xE43AC79951B7ba9f8D06478377aE652CA593281b,https://twitter.com/muxprotocol,https://discord.com/invite/bd88NrzN3N,https://t.me/muxprotocol,
Pika Protocol,pika-protocol,#F0D720,,https://www.pikaprotocol.com,https://www.pikaprotocol.com/#/trade,https://docs.pikaprotocol.com/overview,,https://pikaprotocol.medium.com,https://twitter.com/PikaProtocol,https://discord.com/invite/ueEe398UWt,,
Kwenta,kwenta,#ffb800,,https://kwenta.eth.limo,https://kwenta.eth.limo/dashboard,https://docs.kwenta.io,https://github.com/Kwenta,https://mirror.xyz/kwenta.eth,https://twitter.com/kwenta_io,https://discord.com/invite/kwentaio,,
Synthetix,synthetix,#02d1ff,,https://synthetix.io,https://staking.synthetix.io,https://docs.synthetix.io/synthetix-protocol/readme,https://github.com/Synthetixio,https://blog.synthetix.io,https://twitter.com/synthetix_io,https://discord.com/invite/AEdUHzt,,
QuickSwap,quickswap,#3b74d4,,https://quickswap.exchange,https://quickswap.exchange,https://docs.quickswap.exchange,https://github.com/QuickSwap,https://quickswap-layer2.medium.com,https://twitter.com/QuickswapDEX,https://discord.com/invite/Bj2w4NujCh,https://t.me/QuickSwapDEX,
Biswap,biswap,#1263f1,,https://biswap.org/fr,https://biswap.org/fr,https://docs.biswap.org/biswap,https://github.com/biswap-org,https://biswap-dex.medium.com,https://twitter.com/Biswap_Dex,,https://t.me/biswap,
SpiritSwap,spiritswap,#60e6c5,,https://www.spiritswap.finance/home,https://www.spiritswap.finance/home,https://docs.spiritswap.finance/spiritswap-v2,https://github.com/Spirit-DAO,https://spiritswap.medium.com,https://twitter.com/Spirit_Swap,https://discord.com/invite/jhGYjp2gfw,https://t.me/spirit_swap,
SpookySwap,spookyswap,#d6d7f2,,https://spooky.fi/#,https://spooky.fi/#,https://docs.spooky.fi,https://github.com/SpookySwap,https://spookyswap.medium.com,https://twitter.com/spookyswap,https://discord.com/invite/weXbvPAH4Q,https://t.me/SpookySwapCommunity,
DODO,dodo,#ffe804,,https://dodoex.io,https://app.dodoex.io,https://docs.dodoex.io/english,https://github.com/DODOEX,https://blog.dodoex.io,https://twitter.com/BreederDodo,https://discord.com/invite/tyKReUK,https://t.me/dodoex_official,
Cream Finance,cream-finance,#6ae2dd,,https://cream.finance,https://app.cream.finance,https://docs.cream.finance,https://github.com/CreamFi,https://creamdotfinance.medium.com,https://twitter.com/CreamdotFinance,https://discord.com/invite/8Ms25mV,https://t.me/CreamdotFinance,
Maverick Protocol,maverick-protocol,#5000c9,,https://www.mav.xyz,https://app.mav.xyz/?chain=1,https://docs.mav.xyz,https://github.com/maverickprotocol,https://medium.com/maverick-protocol,https://twitter.com/mavprotocol,https://discord.com/invite/mavprotocol,,
Gamma Strategies,gamma-strategies,#ff0000,,https://www.gamma.xyz,https://app.gamma.xyz,https://docs.gamma.xyz/gamma,https://github.com/GammaStrategies,https://medium.com/gamma-strategies,https://twitter.com/GammaStrategies,https://discord.com/invite/gammastrategies,,
Tokemak,tokemak,#a6e903,,https://www.tokemak.xyz,https://app.tokemak.xyz,https://docs.tokemak.xyz,https://github.com/Tokemak,https://medium.com/tokemak,https://twitter.com/TokenReactor,https://discord.com/invite/Z5f92tfzh4,,
Euler Finance,euler-finance,#2fa1a4,,https://www.euler.finance,https://app.euler.finance,https://docs.euler.finance,https://github.com/euler-xyz,https://www.euler.finance/blog,https://twitter.com/eulerfinance,https://discord.com/invite/CdG97VSYGk,,
Benqi,benqi,#00b3ed,,https://benqi.fi,https://app.benqi.fi/markets,https://docs.benqi.fi,https://github.com/Benqi-fi,https://benqifinance.medium.com,https://twitter.com/BenqiFinance,https://discord.com/invite/jyPAjZjwk6,,
TrueFi,truefi,#1a5aff,,https://truefi.io,https://app.truefi.io/home,https://docs.truefi.io/faq,https://github.com/trusttoken/contracts-pre22,https://blog.truefi.io,https://twitter.com/TrueFiDAO,https://discord.com/invite/Yx7J4jZ,,
Maple Finance,maple-finance,#ff7900,,https://www.maple.finance,https://app.maple.finance,https://maplefinance.gitbook.io/maple,https://github.com/maple-labs,https://www.maple.finance/resources,https://twitter.com/maplefinance?lang=en,https://discord.com/invite/Xy6sqxRhFG,,
Clearpool,clearpool,#617dea,,https://clearpool.finance,https://clearpool.finance/permissionless/pools?market=ethereum,https://docs.clearpool.finance,https://github.com/clearpool-finance,https://clearpool.medium.com,https://twitter.com/ClearpoolFin,https://discord.com/invite/YYzxscA4nu,,
Gearbox Protocol,gearbox-protocol,#e83695,,https://gearbox.fi,https://app.gearbox.fi,https://docs.gearbox.finance,https://github.com/Gearbox-protocol,https://medium.com/gearbox-protocol,https://twitter.com/GearboxProtocol,https://discord.com/invite/gearbox,,
Jones DAO,jones-dao,#de6b38,,https://www.jonesdao.io,https://app.jonesdao.io/vaults,https://docs.jonesdao.io/jones-dao,https://github.com/Jones-DAO,https://commonwealth.im/jones-dao/discussions,https://twitter.com/DAOJonesOptions,https://discord.com/invite/jonesdao,,
Idle Finance,idle-finance,#04117b,,https://idle.finance,https://app.idle.finance/#/dashboard,https://docs.idle.finance,https://github.com/Idle-Finance,https://idlefinance.medium.com,https://twitter.com/idlefinance,https://discord.com/invite/mpySAJp,,
Ribbon Finance,ribbon-finance,#fc0a54,,https://www.ribbon.finance,https://app.ribbon.finance,https://docs.ribbon.finance,https://github.com/ribbon-finance,https://ribbonfinance.medium.com,https://twitter.com/ribbonfinance,https://discord.com/invite/85gcVafPyN,,
Conic Finance,conic-finance,#639cc5,,https://conic.finance,https://conic.finance,https://docs.conic.finance/conic-finance,https://github.com/ConicFinance,https://medium.com/@ConicFinance,https://twitter.com/ConicFinance,https://discord.com/invite/conicfinance,,
GND Protocol,gnd-protocol,#0cd4d4,,https://gndprotocol.com,https://gndprotocol.com/dashboard,https://gmd-protocol.gitbook.io/gnd-protocol/gnd-protocol-overview/gnd-protocol,https://github.com/saulgoodmandev/gnd,https://medium.com/@gndprotocol,https://twitter.com/GNDprotocol,https://discord.com/invite/cZzzq5xVZE,,
GMD Protocol,gmd-protocol,#3c89e7,,https://gmdprotocol.com,https://app.gmdprotocol.com,https://gmd-protocol.gitbook.io,https://github.com/saulgoodmandev/gmd,https://medium.com/@gmdprotocol,https://twitter.com/GMDprotocol,https://discord.com/invite/x649QhTYxs,https://t.me/+BhDiy07pXDJjMGE5,
Savvy,savvy,#7a44ff,,https://savvydefi.io,https://savvydefi.io,https://docs.savvydefi.io,https://github.com/savvy-finance,https://savvydefi.medium.com,https://twitter.com/SavvyDefi,https://discord.com/invite/XAwremWDA7,https://t.me/savvydefievents,
Lodestar Finance,lodestar-finance,#e5d540,,https://www.lodestarfinance.io,https://app.lodestarfinance.io,https://docs.lodestarfinance.io,https://github.com/LodestarFinance,https://medium.com/@appo.lodestar,https://twitter.com/LodestarFinance,https://discord.com/invite/44kppnwMnb,https://t.me/lodestarfinancearb,
zkBOB,zkbob,#e86eff,,https://www.zkbob.com,https://app.zkbob.com,https://docs.zkbob.com,https://github.com/zkBob,https://blog.zkbob.com,https://twitter.com/zkBob_,https://discord.com/invite/zkbob,https://t.me/zkbobcommunity,
Manifold,manifold,#000000,,https://www.manifoldfinance.com,,https://securerpc.com,https://github.com/manifoldfinance,https://medium.com/manifoldfinance,https://twitter.com/foldfinance,,https://t.me/manifoldfinance,
Raft,raft,#ff7a00,,https://raft.fi,https://app.raft.fi,https://docs.raft.fi,https://github.com/raft-fi,https://mirror.xyz/0xa486d3a7679D56D545dd5d357469Dd5ed4259340,https://twitter.com/raft_fi,https://discord.com/invite/raft-fi,,
Morpho Protocol,morpho-protocol,#a9d6ff,,https://morpho.org,https://app.morpho.org,https://docs.morpho.org,https://github.com/morpho-org,https://medium.com/morpho-labs,https://twitter.com/MorphoLabs,https://discord.com/invite/BWXbJMHMdz,,
Index Coop,index-coop,#000000,,https://indexcoop.com,https://indexcoop.com/products,https://docs.indexcoop.com/index-coop-community-handbook,https://github.com/IndexCoop,https://indexcoop.com/blog,https://twitter.com/indexcoop,https://discord.com/invite/indexcoop,,
Toros Finance,toros-finance,#3DE0C3,,https://toros.finance,https://toros.finance,https://docs.toros.finance,https://github.com/dhedge,https://toros.finance/blog,https://twitter.com/torosfinance,https://discord.com/invite/Jc2skHehBQ,,
Neutra Finance,neutra-finance,#53D6BF,,https://neutra.finance,https://neutra.finance/vault,https://docs.neutra.finance/neutra-finance,https://github.com/NeutraFinance,https://medium.com/@neutrafinance,https://twitter.com/Neutrafinance,https://discord.com/invite/h5GxDEAxyY,https://t.me/NeutraFi_discussion,
Goldfinch,goldfinch,#e0cb95,,https://goldfinch.finance,https://app.goldfinch.finance,https://docs.goldfinch.finance/goldfinch,https://github.com/goldfinch-eng,https://medium.com/goldfinch-fi,https://twitter.com/goldfinch_fi,https://discord.com/invite/goldfinch,,
Paxos,paxos,#78b650,,https://paxos.com,,https://help.paxos.com/hc/en-us,https://github.com/paxosglobal,https://paxos.com/blog,https://twitter.com/paxosglobal,,,
Brahma,brahma,#7303c0,,https://www.brahma.fi,https://app.brahma.fi,https://docs.brahma.fi,https://github.com/Brahma-fi,https://blog.brahma.fi,https://twitter.com/brahmaFi,https://discord.com/invite/brahma,,
Radiant Capital,radiant-capital,#000000,,https://radiant.capital,https://app.radiant.capital,https://docs.radiant.capital,https://github.com/radiant-capital,https://medium.com/@RadiantCapital,https://twitter.com/RDNTCapital,https://discord.com/invite/radiantcapital,https://t.me/radiantcapitalofficial,
Lodestar Finance,lodestar-finance,#e5d540,,https://lodestarfinance.io,https://lodestarfinance.io,https://docs.lodestarfinance.io,https://github.com/LodestarFinance,https://medium.com/@appo.lodestar,https://twitter.com/LodestarFinance,https://discord.com/invite/44kppnwMnb,,
Premia Finance,premia-finance,#5294ff,,https://premia.finance,https://app.premia.finance,https://docs.premia.finance,https://github.com/Premian-Labs,https://blog.premia.finance,https://twitter.com/PremiaFinance,https://discord.com/invite/premia,,
Lyra Finance,lyra-finance,#69d8bd,,https://lyra.finance,https://app.lyra.finance,https://docs.lyra.finance/developers,https://github.com/lyra-finance,https://blog.lyra.finance,https://twitter.com/lyrafinance,https://discord.com/invite/P49mj6UbmC,,
Equilibria,equilibria,#4bff00,,https://equilibria.fi,https://equilibria.fi/stake,https://docs.equilibria.fi,https://github.com/eqbtech/equilibria-contracts,,https://twitter.com/Equilibriafi,https://discord.com/invite/5xDyEEPNyU,https://t.me/EquilibriaFinance,
Spectra,spectra,#00f99b,,https://www.spectra.finance,https://app.spectra.finance,https://docs.spectra.finance,https://github.com/perspectivefi,https://mirror.xyz/spectraprotocol.eth,https://twitter.com/spectra_finance,https://discord.com/invite/GJhRf3r3UU,https://t.me/APWineFinance,
HMX,hmx,#F2CA73,,https://hmx.org,https://hmx.org/arbitrum,https://docs.hmx.org/hmx,https://github.com/hmxorg,https://medium.com/hmx-org,https://twitter.com/HMXorg,https://discord.com/invite/DDr7r7jjCv,https://t.me/HMXorg,
Hegic,hegic,#16ca83,,https://www.hegic.co,https://www.hegic.co/app,https://www.hegic.co/app#/learn,https://github.com/hegic,https://medium.com/hegic/hegic-hardcore-beta-release-2573a2d4cb3d,https://twitter.com/HegicOptions,https://discord.com/invite/znjdj8q,https://t.me/HegicOptions,
Dolomite,dolomite,#000000,,https://dolomite.io,https://app.dolomite.io,https://docs.dolomite.io,https://github.com/dolomite-exchange,https://medium.com/dolomite-official,https://twitter.com/Dolomite_io,https://discord.com/invite/uDRzrB2YgP,https://t.me/dolomite_official,
Hyperliquid,hyperliquid,#97fce4,,https://hyperliquid.xyz,https://app.hyperliquid.xyz,https://hyperliquid.gitbook.io/hyperliquid-docs,https://github.com/hyperliquid-dex,https://medium.com/@hyperliquid,https://twitter.com/HyperliquidX,https://discord.com/invite/zgpuDGdFm6,https://telegram.me/hyperliquidX,
Perennial,perennial,#000000,,https://perennial.finance,https://app.perennial.finance,https://docs.perennial.finance,https://github.com/equilibria-xyz/perennial-mono,https://medium.com/perennial-protocol,https://twitter.com/perenniallabs,https://discord.com/invite/n6ejatX5Rw,,
Sonne Finance,sonne-finance,#fd684e,,https://sonne.finance,https://sonne.finance,https://docs.sonne.finance,https://github.com/sonne-finance,https://medium.com/@SonneFinance,https://twitter.com/SonneFinance,https://discord.com/invite/sonnefinance,https://t.me/SonneFin,
Extra Finance,extra-finance,#208fff,,https://extrafi.io,https://app.extrafi.io/farm,https://docs.extrafi.io/extra_finance,https://github.com/ExtraFi,https://medium.com/@ExtraFinance,https://twitter.com/extrafi_io,https://discord.com/invite/extra-finance,,
Exactly,exactly,#000000,,https://exact.ly,https://app.exact.ly,https://docs.exact.ly/getting-started/readme,https://github.com/exactly,https://medium.com/@exactly_protocol,https://twitter.com/exactlyprotocol,https://discord.com/invite/exactly,,
UXD Protocol,uxd-protocol,#000000,,https://uxd.fi,https://app.uxd.fi,https://docs.uxd.fi/uxdprotocol,https://github.com/uxdprotocol,https://uxdprotocol.medium.com,https://twitter.com/UXDProtocol,https://discord.com/invite/BHfpYmjsBM,,
Flux Finance,flux-finance,#000000,,https://fluxfinance.com,https://fluxfinance.com,https://docs.fluxfinance.com,https://github.com/flux-finance,https://blog.fluxfinance.com,https://twitter.com/FluxDeFi,https://discord.com/invite/YzhZaFbB92,https://t.me/ondocommunity,
Tarot,tarot,#000000,,https://www.tarot.to,https://www.tarot.to,https://docs.tarot.to,https://github.com/tarot-finance,https://tarotfinance.medium.com,https://twitter.com/TarotFinance,https://discord.com/invite/6ByFHBjqE8,,
Tangible,tangible,#2e5dff,,https://www.tangible.store,https://www.tangible.store,https://docs.tangible.store,,https://medium.com/tangible,https://twitter.com/tangibleDAO,https://discord.com/invite/tMQ9WjVBuS,https://t.me/TangibleDAO,
Lido,lido,#27A6FC,,https://lido.fi,https://stake.lido.fi,https://docs.lido.fi,https://github.com/lidofinance,https://blog.lido.fi,https://twitter.com/LidoFinance,https://discord.com/invite/lido,,
Ankr,ankr,#4196f4,,https://www.ankr.com,https://www.ankr.com/staking,https://www.ankr.com/docs,https://github.com/Ankr-network,https://medium.com/ankr-network,https://twitter.com/ankr,https://discord.com/invite/ankrofficial,https://t.me/ankrnetwork,
Rocket Pool,rocket-pool,#ff9257,,https://rocketpool.net,https://stake.rocketpool.net,https://docs.rocketpool.net/overview,https://github.com/rocket-pool,https://medium.com/rocket-pool,https://twitter.com/Rocket_Pool,https://discord.com/invite/rocketpool,,
Liquid Collective,liquid-collective,#FF985D,,https://liquidcollective.io,,https://docs.liquidcollective.io/v1,https://github.com/liquid-collective,,https://twitter.com/liquid_col,,,
Eigenlayer,eigenlayer,#000000,,https://www.eigenlayer.xyz,,https://docs.eigenlayer.xyz,https://github.com/Layr-Labs,https://www.blog.eigenlayer.xyz,https://twitter.com/eigenlayer,https://discord.com/invite/eigenlayer,,
Stader,stader,#0be078,,https://www.staderlabs.com,https://www.staderlabs.com/eth/stake,https://www.staderlabs.com/docs,https://github.com/stader-labs,https://www.staderlabs.com/blogs,https://twitter.com/staderlabs_eth,https://discord.com/invite/y9KgjkVZ99,https://t.me/Staderlabs_Ethereum_Official,
Swell Network,swell-network,#4c69ea,,https://www.swellnetwork.io,https://app.swellnetwork.io,https://docs.swellnetwork.io/swell,https://github.com/SwellNetwork,https://www.swellnetwork.io/blog,https://twitter.com/swellnetworkio,https://discord.com/invite/swellnetworkdao,,
Stakehouse,stakehouse,#00ed7b,,https://joinstakehouse.com,https://lsd.joinstakehouse.com,https://docs.joinstakehouse.com/academy,,https://blog.blockswap.network,https://twitter.com/blockswap_team,https://discord.com/invite/s8N9ekQuuj,,
CIAN,cian,#ffd202,,https://cian.app,https://vault.cian.app,https://docs.cian.app,https://github.com/cian-ai,https://cian-app.medium.com,https://twitter.com/CIAN_protocol,https://discord.com/invite/qhGnzRbFfr,https://t.me/CIAN_Protocol,
unshETH,unsheth,#20CFFE,,https://unsheth.xyz,https://docs.unsheth.xyz,https://docs.unsheth.xyz,https://github.com/UnshETH,https://mirror.xyz/0x749Dc728A68265e74754Ad8e6cc2649BD42a8f8a,https://twitter.com/unsheth_xyz,https://discord.gg/5tZXASh5P3,,
Paraswap,paraswap,#0462de,,https://www.paraswap.io,https://app.paraswap.io,https://doc.paraswap.network,https://github.com/paraswap,https://medium.com/paraswap,https://twitter.com/paraswap,,,
0x Protocol,0x-protocol,#adadad,,https://www.0x.org,https://www.0x.org/zrx/staking,https://docs.0x.org,https://github.com/0xProject,https://blog.0xproject.com,https://twitter.com/0xproject,https://discord.com/invite/d3FTX3M,,
1inch Network,1inch-network,#D82122,,https://1inch.io,https://1inch.io,https://docs.1inch.io,https://github.com/1inch,https://1inch.medium.com,https://twitter.com/1inch,https://discord.com/invite/1inch,https://t.me/OneInchNetwork,
Cow Swap,cow-swap,#cae9ff,,https://swap.cow.fi,https://swap.cow.fi,https://docs.cow.fi,https://github.com/cowprotocol,https://blog.cow.fi,https://twitter.com/CoWSwap,https://discord.com/invite/cowprotocol,,
Kyber Network,kyber-network,#31cb9e,,https://kyber.network,https://kyberswap.com,https://docs.kyberswap.com,https://github.com/KyberNetwork,https://blog.kyberswap.com,https://twitter.com/KyberNetwork,https://discord.com/invite/NB3vc8J9uv,https://t.me/kybernetwork,
KyberSwap,kyberswap,#31cb9e,,https://kyber.network,https://kyberswap.com,https://docs.kyberswap.com,https://github.com/KyberNetwork,https://blog.kyberswap.com,https://twitter.com/KyberNetwork,https://discord.com/invite/NB3vc8J9uv,https://t.me/kybernetwork,
OpenOcean,open-ocean,#000000,,https://openocean.finance,https://app.openocean.finance,https://docs.openocean.finance,https://github.com/openocean-finance,https://blog.openocean.finance,https://twitter.com/OpenOceanGlobal,https://discord.com/invite/C7PHQaKdNX,https://t.me/OOFinance,
Hashflow,hashflow,#000000,,https://www.hashflow.com,https://app.hashflow.com,https://docs.hashflow.com/hashflow,https://github.com/hashflownetwork,https://blog.hashflow.com,https://twitter.com/hashflow,https://discord.com/invite/hashflow,https://t.me/hashflowdex,
DLN,dln,#755CB4,,https://dln.trade,https://app.dln.trade,https://docs.dln.trade,https://github.com/debridge-finance/dln-taker,https://dln-trade.medium.com,https://twitter.com/DLN_Trade,https://discord.com/invite/dln,,
Wormhole,wormhole,#000000,,https://wormhole.com,,https://docs.wormhole.com/wormhole,https://github.com/wormhole-foundation,https://wormhole.com/blog,https://twitter.com/wormholecrypto,,https://t.me/wormholecrypto,
Connext Network,connext-network,#c840b8,,https://www.connext.network,https://bridge.connext.network,https://docs.connext.network,https://github.com/connext,https://blog.connext.network,https://twitter.com/ConnextNetwork,https://discord.com/invite/connext,,
DeBridge,debridge,#abda02,,https://debridge.finance,https://app.debridge.finance/deswap,https://docs.debridge.finance,https://github.com/debridge-finance,https://debridge.finance/blog,https://twitter.com/deBridgeFinance,https://discord.com/invite/debridge,,
LayerZero,layerzero,#ABDA02,,https://layerzero.network,,https://layerzero.gitbook.io/docs,https://github.com/LayerZero-Labs,https://medium.com/layerzero-official,https://twitter.com/LayerZero_Labs,https://discord.com/invite/Mhvz3wM,,
Axelar,axelar,#000000,,https://axelar.network,,https://docs.axelar.dev,https://github.com/axelarnetwork,https://axelar.network/blog,https://twitter.com/axelarcore,https://discord.com/invite/aRZ3Ra6f7D,https://t.me/axelarcommunity,
Celer Network,celer-network,#2167f2,,https://celer.network,https://cbridge.celer.network,https://cbridge-docs.celer.network,https://github.com/celer-network,https://blog.celer.network,https://twitter.com/CelerNetwork,https://discord.com/invite/Trhab5w,,
Celer cBridge,cbridge,#2167f2,,https://celer.network,https://cbridge.celer.network,https://cbridge-docs.celer.network,https://github.com/celer-network,https://blog.celer.network,https://twitter.com/CelerNetwork,https://discord.com/invite/Trhab5w,,
Hop Exchange,hop-exchange,#c048e8,,https://hop.exchange,https://app.hop.exchange,https://medium.com/hop-protocol,https://github.com/hop-protocol,https://beefy.com/articles,https://twitter.com/HopProtocol,https://discord.gg/PwCF88emV4,,
Synapse Protocol,synapse-protocol,#d15bfa,,https://synapseprotocol.com,https://synapseprotocol.com/pools,https://docs.synapseprotocol.com,https://github.com/GemStarterIo,https://synapsenetwork.medium.com,https://twitter.com/SynapseProtocol,https://discord.gg/synapseprotocol,,
Hyperlane,hyperlane,#d631b9,,https://www.hyperlane.xyz,,https://docs.hyperlane.xyz/docs,https://github.com/hyperlane-xyz,https://medium.com/hyperlane,https://twitter.com/hyperlane_xyz,https://discord.com/invite/VK9ZUy3aTV,,
Chainflip,chainflip,#ffd600,,https://chainflip.io,,https://docs.chainflip.io,https://github.com/chainflip-io,https://blog.chainflip.io,https://twitter.com/chainflip,https://discord.com/invite/chainflip-community,https://t.me/chainflip_io_chat,
Across Protocol,across-protocol,#6df9d8,,https://across.to,https://across.to/bridge,https://docs.across.to,https://github.com/across-protocol,https://medium.com/across-protocol,https://twitter.com/AcrossProtocol,https://discord.com/invite/sKSkhTtu8s,,
Portal,portal,#e87214,,https://www.portalbridge.com,https://www.portalbridge.com,https://docs.wormhole.com/wormhole,https://github.com/wormhole-foundation,https://wormhole.com/blog,https://twitter.com/wormholecrypto,,https://t.me/wormholecrypto,
Li.Fi,lifi,#f5b6ff,,https://li.fi,https://jumper.exchange,https://docs.li.fi,https://github.com/lifinance,https://blog.li.fi,https://twitter.com/lifiprotocol,https://discord.com/invite/lifi,https://t.me/lifinews,
Socket,socket,#000000,,https://socket.tech,https://www.bungee.exchange,https://docs.socket.tech,https://github.com/SocketDotTech,https://medium.com/socketdottech,https://twitter.com/SocketDotTech,https://discord.com/invite/zfKJR8yWaH,,
Squid,squid,#DEFF16,,https://www.squidrouter.com,https://app.squidrouter.com,https://docs.squidrouter.com,https://github.com/0xsquid,https://medium.com/@squidrouter,https://twitter.com/squidrouter,https://discord.com/invite/squidrouter,,
RocketX,rocketx,#4F66FF,,https://www.rocketx.exchange,https://app.rocketx.exchange,,,https://www.rocketx.exchange/blog,https://twitter.com/RocketXexchange,,https://t.me/RocketXexchange,
Blast API,blast-api,#574b90,,https://blastapi.io,,https://docs.blastapi.io,https://github.com/bwarelabs,https://blastapi.io/blog,https://twitter.com/BlastAPI,https://discord.com/invite/VPkWESgtvV,https://t.me/bwareLabs,
Ankr,ankr,#4196f4,,https://www.ankr.com,,https://www.ankr.com/docs,https://github.com/Ankr-network,https://medium.com/ankr-network,https://twitter.com/ankr,https://discord.com/invite/GGzJ6A6fEg,https://t.me/ankrnetwork,
Omnia,omnia,#000000,,https://omniatech.io,,https://docs.omniatech.io,https://github.com/omniaprotocol,https://medium.com/omniaprotocol,https://twitter.com/omnia_protocol,https://discord.com/invite/omniaprotocol,https://t.me/Omnia_protocol,
Tenderly,tenderly,#4018b0,,https://tenderly.co,,https://docs.tenderly.co,https://github.com/Tenderly,https://blog.tenderly.co,https://twitter.com/TenderlyApp,https://discord.com/invite/fBvDJYR,,
Flashbots,flashbots,#000000,,https://www.flashbots.net,,https://docs.flashbots.net,https://github.com/flashbots,https://writings.flashbots.net,https://twitter.com/flashbotsmev,https://discord.com/invite/flashbots,,
Alchemy,alchemy,#363ff9,,https://www.alchemy.com,,https://docs.alchemy.com,https://github.com/alchemyplatform,https://www.alchemy.com/blog,https://twitter.com/AlchemyPlatform,https://discord.com/invite/alchemyplatform,,
Infura,infura,#ff5834,,https://www.infura.io,,https://docs.infura.io,https://github.com/INFURA,https://www.infura.io/blog,https://twitter.com/infura_io,https://discord.com/invite/consensys,,
Helio,helio,#FFD600,,https://helio.money,https://helio.money/app,https://docs.helio.money,https://github.com/helio-money,https://medium.com/@Helio-HAY,https://twitter.com/helio_money,https://discord.com/invite/k5JZVQYpUn,https://t.me/helio_money,
Symbiosis,symbiosis,#75fb6e,,https://symbiosis.finance,https://app.symbiosis.finance,https://docs.symbiosis.finance,https://github.com/symbiosis-finance,https://blog.symbiosis.finance,https://twitter.com/symbiosis_fi,https://discord.com/invite/YHgDSJ42eG,https://t.me/symbiosis_finance,
Matrixdock,matrixdock,#036bce,,https://www.matrixdock.com,https://stbt.matrixdock.com,https://matrixdock.gitbook.io,https://github.com/Matrixdock-STBT,https://www.matrixdock.com/market-insights,https://twitter.com/matrixdock,,,
stUSDT,stusdt,#7ffaca,,https://stusdt.io,https://stusdt.io,,,https://medium.com/@stusdt,https://twitter.com/stusdt,,https://t.me/stUSDTofficial,
Centrifuge,centrifuge,#ffbf14,,https://centrifuge.io,https://app.centrifuge.io,https://docs.centrifuge.io,https://github.com/centrifuge,https://centrifuge.mirror.xyz,https://twitter.com/centrifuge,https://discord.com/invite/yEzyUq5gxF,https://t.me/centrifuge_chat,
OpenEden,openeden,#000000,,https://openeden.com,https://app.openeden.com,https://docs.openeden.com,https://github.com/OpenEdenHQ,https://medium.com/@openeden,https://twitter.com/openeden_hq,,https://t.me/openeden,
Backed,backed,#000000,,https://backed.fi,https://backed.fi,https://docs.backed.fi,,https://backed.fi/news-updates,https://twitter.com/BackedFi,,,
Credix,credix,#000000,,https://credix.finance,https://app.credix.finance,https://docs.credix.finance,https://github.com/credix-finance,https://medium.com/credix,https://twitter.com/Credix_finance,,,
Umami,umami,#9505FF,,https://umami.finance,https://umami.finance/vaults,https://umami-dao.gitbook.io,https://github.com/UmamiDAO,https://umamifinance.medium.com,https://twitter.com/UmamiFinance,https://discord.com/invite/umamidao,,
Range Protocol,range-protocol,#C875CF,,https://www.rangeprotocol.com,https://app.rangeprotocol.com,https://range-protocol.gitbook.io,https://github.com/Range-Protocol,https://rangeprotocol.medium.com,https://twitter.com/Range_Protocol,,,
SyncSwap,syncswap,#B4B8FF,,https://syncswap.xyz,https://syncswap.xyz,https://syncswap.gitbook.io/syncswap,https://github.com/syncswap,https://mirror.xyz/0x000002c34bAE6DD7BeC72AcbA6aAAC1e01A359De,https://twitter.com/syncswap,https://discord.com/invite/syncswap,,
Izumi,izumi,#297FFF,,https://izumi.finance,https://izumi.finance,https://docs.izumi.finance,https://github.com/IzumiFinance,https://izumi-finance.medium.com,https://twitter.com/izumi_Finance,https://discord.com/invite/izumifinance,https://t.me/iZUMi_Finance_Channel,
Ambient,ambient,#8A89F1,,https://ambient.finance,https://ambient.finance/trade,https://docs.ambient.finance,https://github.com/CrocSwap,https://crocswap.medium.com,https://twitter.com/ambient_finance,https://discord.com/invite/ambient-finance,,
Apex Protocol,apex-protocol,#FED702,,https://www.apex.exchange,https://pro.apex.exchange,https://apex-pro.gitbook.io/apex-pro?lang=en-US,https://github.com/ApeX-Protocol,https://www.apex.exchange/blog,https://twitter.com/OfficialApeXdex,https://discord.com/invite/366Puqavwx,https://t.me/ApeXdex,
Spark,spark,#F58013,,https://spark.fi,https://app.spark.fi,https://docs.spark.fi,https://github.com/marsfoundation,https://blog.makerdao.com,https://twitter.com/sparkdotfi,https://discord.com/invite/sparkdao,,
Silo Finance,silo-finance,#000000,,https://www.silo.finance,https://app.silo.finance,https://devdocs.silo.finance,https://github.com/silo-finance,https://silofinance.medium.com,https://twitter.com/SiloFinance,https://discord.com/invite/silo-finance,,
Aftermath Finance,aftermath-finance,#000000,,https://aftermath.finance,https://aftermath.finance/trade,https://docs.aftermath.finance,https://github.com/Aftermathfinance,,https://twitter.com/aftermathfi,https://discord.com/invite/KvVCAauXk5,,
Wombat Exchange,wombat-exchange,#655455,,https://wombat.exchange,https://app.wombat.exchange,https://docs.wombat.exchange/docs,https://github.com/wombat-exchange,https://medium.com/@wombatexchange,https://twitter.com/WombatExchange,https://discord.com/invite/wombat,https://t.me/WombatExchange,
Agave,agave,#2bab8a,,https://agavefinance.eth.limo,https://agavefinance.eth.limo,https://agavedev.notion.site/agavedev/Agave-Docs-a0cb462422b941d89a6dc646cdb1bdf8,https://github.com/Agave-DAO,,https://twitter.com/Agave_lending,https://discord.com/invite/Bsuqe76QPm,https://t.me/Agave1Hive,
Seamless Protocol,seamless-protocol,#000000,,https://seamlessprotocol.com,https://app.seamlessprotocol.com,https://docs.seamlessprotocol.com,https://github.com/seamless-protocol,,https://twitter.com/seamlessfi,https://discord.com/invite/Uye9jCVgUp,https://t.me/seamless_protocol,
Kinza Finance,kinza-finance,#EABD3D,,https://kinza.finance,https://kinza.finance,https://docs.kinza.finance,https://github.com/Kinza-Finance,https://kinzafinance.medium.com,https://twitter.com/kinzafinance,https://discord.com/invite/JFXTEp8Nub,https://t.me/kinza_finance,
Lendle,lendle,#9E77ED,,https://lendle.xyz,https://app.lendle.xyz,https://docs.lendle.xyz,https://github.com/lendle-xyz,https://lendle-xyz.medium.com,https://twitter.com/lendlexyz,https://discord.com/invite/wWNbcMnjSE,,
ZeroLend,zerolend,#000000,,https://zerolend.xyz,https://app.zerolend.xyz,https://docs.zerolend.xyz,https://github.com/zerolend,,https://twitter.com/zerolendxyz,https://discord.com/invite/zerolend,,
Layerbank,Layerbank,#000000,,https://layerbank.finance,https://manta.layerbank.finance,https://docs.layerbank.finance,https://github.com/layerbank,https://mirror.xyz/0x9f55e251abe51CbFadd06Ca0f4E5DCA0d0CeC20E,https://twitter.com/LayerBankFi,https://discord.com/invite/egEsB8WMhf,,
